Parameter,Value
DT,0.9164254703328509
SVM,0.9015918958031838
RF,0.9164254703328509
LR,0.9015918958031838
KNN,0.9164254703328509
