Parameter,Value
DT,0.9175108538350217
DT,0.9175108538350217
DT,0.9175108538350217
DT,0.9175108538350217
DT,0.9175108538350217
