Parameter,Value
MSE,0.277858176556
MAE,0.138929088278
R-SQUARED,0.714367525324
RMSE,0.527122544154
ACCURACY,0.930535455861
