Parameter,Value
MSE,0.322720694645
MAE,0.161360347323
R-SQUARED,0.670860133232
RMSE,0.568085112149
ACCURACY,0.919319826339
