Parameter,Value
MSE,0.337192474674
MAE,0.168596237337
R-SQUARED,0.657312646897
RMSE,0.580682765953
ACCURACY,0.915701881331
